Score Type,Correlation,P-value,Abs Correlation
BLEU Score,0.6664567368500723,0.10208711008019271,0.6664567368500723
CHRF Score,0.6041713045884498,0.15077284937907667,0.6041713045884498
BLEURT Score,0.3596378026868606,0.42816505411189026,0.3596378026868606
BERT Score,-0.04282132770120853,0.9273708878082898,0.04282132770120853
