LLM,Score Type,Correlation,P-value
chatgpt4o pred,BLEURT Score,0.34959181380574633,0.03661957569223334
claude 3. 5 pred,BLEURT Score,0.3461686640931317,0.03862679750913778
gtrans pred,BLEURT Score,0.3998249905622756,0.015691052082702696
mitra pred,BLEURT Score,0.34060009285997356,0.0420820179702332
